location_city,location_state,count
Cleveland,Ohio,16871
Chicago,Illinois,351
Philadelphia,Pennsylvania,326
Pittsburgh,Pennsylvania,293
Cincinnati,Ohio,285
Louisville,Kentucky,228
Detroit,Michigan,203
Dayton,Ohio,202
Indianapolis,Indiana,200
Lexington,Kentucky,199
Columbus,Ohio,177
Milwaukee,Wisconsin,168
Springfield,Ohio,168
"Fort Wayne",Indiana,143
Madison,Wisconsin,141
Peoria,Illinois,131
Toledo,Ohio,131
Akron,Ohio,129
Evansville,Indiana,115
Erie,Pennsylvania,108
Lansing,Michigan,100
Harrisburg,Pennsylvania,96
"Grand Rapids",Michigan,90
Canton,Ohio,84
"South Bend",Indiana,72
Flint,Michigan,56
"Wilkes Barre",Pennsylvania,51
Youngstown,Ohio,48
Warren,Ohio,44
Kalamazoo,Michigan,43
Lancaster,Pennsylvania,40
Scranton,Pennsylvania,37
Rockford,Illinois,37
Bloomington,Indiana,33
"Terre Haute",Indiana,33
"Green Bay",Wisconsin,32
"Carol Stream",Illinois,32
Reading,Pennsylvania,31
Saginaw,Michigan,26
Gary,Indiana,26
Anderson,Indiana,25
Farmington,Michigan,24
Aurora,Illinois,22
Mansfield,Ohio,22
"New Castle",Pennsylvania,22
Crawfordsville,Indiana,22
Appleton,Wisconsin,21
Levittown,Pennsylvania,20
Southfield,Michigan,20
Racine,Wisconsin,20
Schaumburg,Illinois,20
Allentown,Pennsylvania,20
"Ann Arbor",Michigan,19
Palatine,Illinois,18
Lima,Ohio,18
"East Saint Louis",Illinois,18
"Valley Forge",Pennsylvania,17
Muskegon,Michigan,17
Lafayette,Indiana,17
Muncie,Indiana,16
Midland,Michigan,16
Bethlehem,Pennsylvania,16
"Battle Creek",Michigan,16
Evanston,Illinois,16
London,Kentucky,15
Champaign,Illinois,15
Naperville,Illinois,15
Dearborn,Michigan,14
"Mc Keesport",Pennsylvania,14
York,Pennsylvania,14
Decatur,Illinois,14
Joliet,Illinois,14
Hamilton,Ohio,14
Troy,Michigan,13
Jeffersonville,Indiana,11
Johnstown,Pennsylvania,10
Frankfort,Kentucky,9
